Indi; Thu Mar 27 10:50:29 GMT 2014; 51.5271 N  0.1049 W; City Law School; AREA; 27; BLUE; 17; 50
Indi; Thu Mar 27 10:52:14 GMT 2014; 51.5269 N  0.1054 W; City Law School; INTENDING; 26; RED; 23; 50
Indi; Thu Mar 27 10:52:14 GMT 2014; 51.5269 N  0.1054 W; City Law School; NEHRU; 25; BLUE; 33; 50
Indi; Mon Mar 31 21:11:10 GMT+01:00 2014; 51.5939 N  0.0975 W; Noel Park; DOWNHILLS; 41; CYAN; 2; 50
Indi; Mon Mar 31 21:11:10 GMT+01:00 2014; 51.5939 N  0.0975 W; Noel Park; ARTIZANS; 29; CYAN; 8; 50
Indi; Mon Mar 31 21:12:45 GMT+01:00 2014; 51.5936 N  0.0980 W; Noel Park; ARTIZANS; 28; GREEN; 10; 50
Indi; Mon Mar 31 21:12:45 GMT+01:00 2014; 51.5936 N  0.0980 W; Noel Park; NOEL; 42; GREEN; 2; 50
Indi; Mon Mar 31 21:15:28 GMT+01:00 2014; 51.5928 N  0.0994 W; Turnpike Lane tube station; COCKFOSTERS; 25; RED; 31; 52
Indi; Mon Mar 31 21:15:28 GMT+01:00 2014; 51.5928 N  0.0994 W; Turnpike Lane tube station; SHOPPING; 26; BLACK; 22; 52
Indi; Mon Mar 31 21:17:21 GMT+01:00 2014; 51.5920 N  0.1010 W; Turnpike Lane tube station; COMMUNITY; 25; BLACK; 32; 50
Indi; Mon Mar 31 21:21:10 GMT+01:00 2014; 51.5905 N  0.1030 W; Turnpike Lane tube station; DUCKETTS; 36; BLUE; 4; 50
Indi; Mon Mar 31 21:24:02 GMT+01:00 2014; 51.5914 N  0.1047 W; Turnpike Lane tube station; GATES; 30; CYAN; 13; 50
Indi; Tue Apr 01 00:12:13 GMT+01:00 2014; 51.5091 N  0.1357 W; Simpsons of Piccadilly; CHATHAM; 26; BLUE; 26; 50
Indi; Tue Apr 01 00:16:15 GMT+01:00 2014; 51.5100 N  0.1349 W; Swan & Edgar; LIFEBOAT; 26; GREEN; 22; 50
Indi; Tue Apr 01 00:26:04 GMT+01:00 2014; 51.5105 N  0.1305 W; Leverian collection; RADIO; 54; BLUE; 1; 50
Indi; Tue Apr 01 00:28:06 GMT+01:00 2014; 51.5107 N  0.1300 W; Empire, Leicester Square; RADIO; 54; BLUE; 1; 50
Indi; Tue Apr 01 00:28:06 GMT+01:00 2014; 51.5107 N  0.1300 W; Empire, Leicester Square; ALHAMBRA; 24; BLUE; 40; 50
Indi; Tue Apr 01 00:32:15 GMT+01:00 2014; 51.5106 N  0.1295 W; Odeon Leicester Square; WYLD; 42; MAGENTA; 5; 50
Indi; Tue Apr 01 00:44:14 GMT+01:00 2014; 51.5129 N  0.1288 W; St Mary's Church, Charing Cross Road; RESTAURANT; 40; MAGENTA; 6; 50
Indi; Tue Apr 01 01:03:36 GMT+01:00 2014; 51.5169 N  0.1303 W; High Commission of Barbados, London; COMMISSION; 36; RED; 10; 50
Indi; Tue Apr 01 01:03:36 GMT+01:00 2014; 51.5169 N  0.1303 W; High Commission of Barbados, London; NAG; 61; RED; 1; 50
Indi; Tue Apr 01 01:09:59 GMT+01:00 2014; 51.5209 N  0.1345 W; Goodge Street tube station; POLLOCK; 26; BLUE; 20; 50
Indi; Tue Apr 01 01:10:54 GMT+01:00 2014; 51.5226 N  0.1365 W; Hospital for Tropical Diseases; JPG; 24; RED; 37; 51
Indi; Tue Apr 01 01:10:54 GMT+01:00 2014; 51.5226 N  0.1365 W; Hospital for Tropical Diseases; UNIVERSITY; 38; RED; 1; 50
Indi; Tue Apr 01 01:10:54 GMT+01:00 2014; 51.5226 N  0.1365 W; Hospital for Tropical Diseases; QUAGGA; 25; BLUE; 24; 50
Indi; Tue Apr 01 01:10:54 GMT+01:00 2014; 51.5226 N  0.1365 W; Hospital for Tropical Diseases; QUAGGA; 25; BLUE; 24; 50
Indi; Tue Apr 01 01:37:06 GMT+01:00 2014; 51.5795 N  0.0991 W; Harringay Green Lanes railway station; PART; 24; RED; 39; 53
Indi; Tue Apr 01 01:37:06 GMT+01:00 2014; 51.5795 N  0.0991 W; Harringay Green Lanes railway station; PART; 24; GREEN; 35; 53
Indi; Tue Apr 01 01:38:55 GMT+01:00 2014; 51.5821 N  0.0995 W; The Salisbury; MANSION; 27; CYAN; 19; 50
Nigel; Thu Mar 27 11:16:48 GMT 2014; 51.5269 N  0.1050 W; City Law School; INDIA; 30; CYAN; 23; 50
Nigel; Thu Mar 27 11:17:40 GMT 2014; 51.5270 N  0.1050 W; City Law School; COURSE; 71; GREEN; 2; 50
Nigel; Thu Mar 27 11:28:00 GMT 2014; 51.5201 N  0.1016 W; St. John (restaurant); LESBIAN; 45; BLUE; 8; 50
Nigel; Thu Mar 27 11:28:53 GMT 2014; 51.5199 N  0.1018 W; St. John (restaurant); SMITHFIELD; 36; MAGENTA; 14; 50
Nigel; Thu Mar 27 11:28:53 GMT 2014; 51.5199 N  0.1018 W; St. John (restaurant); SPACE; 28; RED; 28; 50
Nigel; Thu Mar 27 11:28:53 GMT 2014; 51.6011 N  0.7115 W; Flackwell Heath; RAILWAY; 52; MAGENTA; 5; 50
Nigel; Wed Apr 02 11:08:09 GMT+01:00 2014; 51.5202 N  0.1041 W; London Lesbian and Gay Centre; CENTRE; 94; GREEN; 1; 50
Nigel; Wed Apr 02 11:08:09 GMT+01:00 2014; 51.5202 N  0.1041 W; London Lesbian and Gay Centre; FARRINGDON; 64; MAGENTA; 3; 50
Nigel; Wed Apr 02 11:08:09 GMT+01:00 2014; 51.5202 N  0.1041 W; London Lesbian and Gay Centre; FABRIC; 34; BLUE; 18; 50
Nigel; Wed Apr 02 11:08:09 GMT+01:00 2014; 51.5202 N  0.1041 W; London Lesbian and Gay Centre; FABRICLIVE; 97; BLACK; 2; 50
Richa; Fri Mar 28 14:24:48 GMT 2014; 51.5268 N  0.1032 W; City University London; CITY; 54; BLUE; 1; 50
Richa; Fri Mar 28 14:24:48 GMT 2014; 51.5268 N  0.1032 W; City University London; MILLION; 25; BLUE; 27; 50
Richa; Mon Mar 31 17:45:35 GMT+01:00 2014; 51.5179 N  0.1825 W; Bishop's Bridge; PADDINGTON; 39; GREEN; 4; 50
Richa; Mon Mar 31 17:49:08 GMT+01:00 2014; 51.5178 N  0.1821 W; Bishop's Bridge; WAR; 38; MAGENTA; 4; 50
Richa; Mon Mar 31 18:36:31 GMT+01:00 2014; 51.5854 N  0.1114 W; Hornsey railway station; SCHOOL; 31; CYAN; 15; 49
Richa; Fri Apr 04 09:55:20 GMT+01:00 2014; 51.5262 N  0.0770 W; Shoreditch (parish); ATC; 26; BLACK; 23; 50
Richa; Fri Apr 04 09:55:20 GMT+01:00 2014; 51.5262 N  0.0770 W; Shoreditch (parish); NICHOL; 40; GREEN; 4; 50
Richa; Fri Apr 04 09:55:20 GMT+01:00 2014; 51.5262 N  0.0770 W; Shoreditch (parish); CHURCH; 54; BLACK; 1; 50
Sophie; Fri Mar 28 11:36:39 GMT 2014; 51.5271 N  0.1028 W; City University London; CITY; 70; GREEN; 1; 50
Sophie; Fri Mar 28 11:39:17 GMT 2014; 51.5270 N  0.1028 W; City University London; CITY; 70; CYAN; 1; 50
Sophie; Fri Mar 28 11:39:17 GMT 2014; 51.5270 N  0.1028 W; City University London; EDUCATION; 28; BLACK; 17; 50
Sophie; Fri Mar 28 11:43:02 GMT 2014; 51.5269 N  0.1029 W; City University London; BOROUGH; 28; CYAN; 13; 50
Sophie; Sat Mar 29 18:39:46 GMT 2014; 51.5140 N  0.1284 W; Saville Theatre; LISTED; 26; CYAN; 28; 50
Sophie; Sat Mar 29 18:39:46 GMT 2014; 51.5140 N  0.1284 W; Saville Theatre; BOOKSHOP; 27; BLACK; 23; 50
Sophie; Sat Mar 29 18:39:46 GMT 2014; 51.5140 N  0.1284 W; Saville Theatre; PHOENIX; 34; CYAN; 10; 50
Sophie; Sat Mar 29 18:39:46 GMT 2014; 51.5140 N  0.1284 W; Saville Theatre; RESTAURANT; 34; CYAN; 10; 50
Sophie; Sat Mar 29 18:39:46 GMT 2014; 51.5140 N  0.1284 W; Saville Theatre; IVY; 24; BLACK; 45; 50
Sophie; Sat Mar 29 18:39:46 GMT 2014; 51.5140 N  0.1284 W; Saville Theatre; IVY; 36; RED; 9; 50
Sophie; Sat Mar 29 18:39:46 GMT 2014; 51.5140 N  0.1284 W; Saville Theatre; MUSIC; 37; RED; 12; 50
Sophie; Sat Mar 29 18:39:46 GMT 2014; 51.5140 N  0.1284 W; Saville Theatre; ESTABLISHMENT; 28; BLACK; 21; 50
Sophie; Sat Mar 29 18:39:46 GMT 2014; 51.5140 N  0.1284 W; Saville Theatre; BUILDINGS; 50; MAGENTA; 3; 50
Sophie; Sun Mar 30 15:20:46 GMT+01:00 2014; 51.5209 N  0.2014 W; Westbourne Studios; BUILDINGâ€™S; 54; RED; 2; 33
Sophie; Sun Mar 30 15:20:46 GMT+01:00 2014; 51.5209 N  0.2014 W; Westbourne Studios; MADONNA; 48; GREEN; 3; 50
Sophie; Sun Mar 30 15:20:46 GMT+01:00 2014; 51.5209 N  0.2014 W; Westbourne Studios; GRAHAM; 33; RED; 19; 33
Sophie; Sun Mar 30 15:20:46 GMT+01:00 2014; 51.5209 N  0.2014 W; Westbourne Studios; WESTWAY; 39; GREEN; 8; 33
Sophie; Sun Mar 30 15:20:46 GMT+01:00 2014; 51.5209 N  0.2014 W; Westbourne Studios; WESTWAY; 39; BLACK; 8; 33
Sophie; Sun Mar 30 15:20:46 GMT+01:00 2014; 51.5209 N  0.2014 W; Westbourne Studios; DJ; 39; RED; 8; 33
Sophie; Sun Mar 30 15:20:46 GMT+01:00 2014; 51.5209 N  0.2014 W; Westbourne Studios; DEVELOPMENT; 35; RED; 15; 33
Sophie; Sun Mar 30 15:20:46 GMT+01:00 2014; 51.5209 N  0.2014 W; Westbourne Studios; MOTORWAY; 39; BLACK; 8; 33
Sophie; Sun Mar 30 15:20:46 GMT+01:00 2014; 51.5209 N  0.2014 W; Westbourne Studios; REAL; 25; BLUE; 30; 33
Sophie; Thu Apr 03 14:37:47 GMT+01:00 2014; 51.5645 N  0.1040 W; Finsbury Park station; TRANSPORT; 26; MAGENTA; 24; 50
Sophie; Thu Apr 03 14:37:47 GMT+01:00 2014; 51.5645 N  0.1040 W; Finsbury Park station; TRANSPORT; 26; BLUE; 24; 50
Sophie; Thu Apr 03 14:43:10 GMT+01:00 2014; 51.5529 N  0.0980 W; Highbury; ARSENAL; 37; RED; 3; 50
Sophie; Thu Apr 03 14:43:10 GMT+01:00 2014; 51.5529 N  0.0980 W; Highbury; FYSH; 46; BLACK; 1; 50
Sophie; Thu Apr 03 14:46:15 GMT+01:00 2014; 51.5460 N  0.1022 W; A1200 road; HOSPITAL; 39; BLACK; 4; 50
Sophie; Thu Apr 03 14:46:15 GMT+01:00 2014; 51.5460 N  0.1022 W; A1200 road; ROAD; 70; GREEN; 1; 50
Sui; Fri Mar 28 10:14:38 GMT+00:00 2014; 51.5281 N  0.1045 W; Spa Green Estate; LAW; 129; RED; 2; 50
Sui; Fri Mar 28 10:17:58 GMT+00:00 2014; 51.5271 N  0.1027 W; City University London; ISLINGTON; 55; BLACK; 6; 50
Sui; Fri Mar 28 10:17:58 GMT+00:00 2014; 51.5271 N  0.1027 W; City University London; MUSEUM; 25; RED; 41; 50
Sui; Fri Mar 28 22:59:12 GMT+00:00 2014; 51.6458 N  0.1681 W; New Barnet; PARK; 107; MAGENTA; 2; 50
Sui; Fri Mar 28 22:59:12 GMT+00:00 2014; 51.6458 N  0.1681 W; New Barnet; BARNET; 166; BLUE; 1; 50
Sui; Fri Mar 28 22:59:12 GMT+00:00 2014; 51.6458 N  0.1681 W; New Barnet; EAST; 96; MAGENTA; 4; 50
Sui; Fri Mar 28 22:59:12 GMT+00:00 2014; 51.6458 N  0.1681 W; New Barnet; HADLEY; 28; BLACK; 36; 50
Sui; Fri Mar 28 22:59:12 GMT+00:00 2014; 51.6458 N  0.1681 W; New Barnet; BATTLE; 24; BLUE; 45; 50
Sui; Sun Mar 30 12:20:02 BST 2014; 51.6461 N  0.1684 W; New Barnet; BOROUGH; 67; CYAN; 9; 50
Sui; Sun Mar 30 12:20:02 BST 2014; 51.6461 N  0.1684 W; New Barnet; LONDON; 105; RED; 3; 50
Sui; Sun Mar 30 12:20:02 BST 2014; 51.6461 N  0.1684 W; New Barnet; STATION; 56; RED; 11; 50
Sui; Sun Mar 30 12:22:31 BST 2014; 51.6460 N  0.1678 W; New Barnet; OAK; 52; CYAN; 15; 50
Sui; Sun Mar 30 12:22:31 BST 2014; 51.6460 N  0.1678 W; New Barnet; TOUCH; 30; BLACK; 31; 50
Sui; Sun Mar 30 12:22:31 BST 2014; 51.6460 N  0.1678 W; New Barnet; SHIELD; 39; CYAN; 21; 50
Sui; Sun Mar 30 12:22:31 BST 2014; 51.6460 N  0.1678 W; New Barnet; OAK; 52; GREEN; 15; 50
Sui; Sun Mar 30 12:22:31 BST 2014; 51.6460 N  0.1678 W; New Barnet; DISTRICT; 88; BLACK; 5; 50
Sui; Mon Mar 31 23:19:51 BST 2014; 51.6459 N  0.1683 W; New Barnet; STATION; 55; MAGENTA; 11; 50
Sui; Mon Mar 31 23:19:51 BST 2014; 51.6459 N  0.1683 W; New Barnet; URBAN; 59; BLUE; 10; 50
Sui; Mon Mar 31 23:19:51 BST 2014; 51.6459 N  0.1683 W; New Barnet; PARK; 107; CYAN; 2; 50
Sui; Mon Mar 31 23:23:05 BST 2014; 51.6453 N  0.1677 W; New Barnet; SCHOOL; 83; GREEN; 6; 50
Sui; Mon Mar 31 23:23:05 BST 2014; 51.6453 N  0.1677 W; New Barnet; GREEN; 24; BLUE; 49; 50
Sui; Mon Mar 31 23:23:05 BST 2014; 51.6453 N  0.1677 W; New Barnet; BROOK; 25; GREEN; 43; 50
Sui; Mon Mar 31 23:28:04 BST 2014; 51.6455 N  0.1681 W; New Barnet; ABBEY; 29; CYAN; 34; 50
Sui; Mon Mar 31 23:28:04 BST 2014; 51.6455 N  0.1681 W; New Barnet; SHIELD; 39; BLACK; 20; 50
Sui; Tue Apr 01 09:17:51 BST 2014; 51.6315 N  0.1771 W; Oakleigh Park; WOODSIDE; 40; BLACK; 18; 50
Sui; Tue Apr 01 09:17:51 BST 2014; 51.6315 N  0.1771 W; Oakleigh Park; FINCHLEY; 36; BLUE; 23; 50
Sui; Wed Apr 02 12:23:46 BST 2014; 51.6459 N  0.1679 W; New Barnet; COCKFOSTERS; 55; BLUE; 11; 50
Sui; Wed Apr 02 12:23:46 BST 2014; 51.6459 N  0.1679 W; New Barnet; COCKFOSTERS; 54; CYAN; 11; 50
Sui; Wed Apr 02 12:23:46 BST 2014; 51.6459 N  0.1679 W; New Barnet; BATTLE; 24; GREEN; 45; 50
Sui; Wed Apr 02 12:23:46 BST 2014; 51.6459 N  0.1679 W; New Barnet; BATTLE; 24; MAGENTA; 45; 50
Sui; Wed Apr 02 12:23:46 BST 2014; 51.6459 N  0.1679 W; New Barnet; JEWISH; 30; BLUE; 32; 50
Sui; Wed Apr 02 12:23:46 BST 2014; 51.6459 N  0.1679 W; New Barnet; BARNET; 174; MAGENTA; 1; 50
Sui; Wed Apr 02 12:23:46 BST 2014; 51.6459 N  0.1679 W; New Barnet; BARNET; 166; GREEN; 1; 50
Sui; Wed Apr 02 16:02:09 BST 2014; 51.6447 N  0.2184 W; Whitings Hill Open Space; BURIAL; 65; MAGENTA; 7; 50
Sui; Wed Apr 02 16:02:09 BST 2014; 51.6447 N  0.2184 W; Whitings Hill Open Space; ARKLEY; 53; MAGENTA; 13; 50
Sui; Wed Apr 02 16:02:09 BST 2014; 51.6447 N  0.2184 W; Whitings Hill Open Space; WHITINGS; 35; RED; 25; 50
Sui; Wed Apr 02 16:02:09 BST 2014; 51.6447 N  0.2184 W; Whitings Hill Open Space; HOSPITAL; 40; MAGENTA; 18; 50
Sui; Wed Apr 02 16:02:09 BST 2014; 51.6447 N  0.2184 W; Whitings Hill Open Space; MEADOW; 25; CYAN; 47; 50
Sui; Wed Apr 02 16:02:09 BST 2014; 51.6447 N  0.2184 W; Whitings Hill Open Space; IMPORTANCE; 33; BLACK; 29; 50
Sui; Wed Apr 02 16:02:09 BST 2014; 51.6447 N  0.2184 W; Whitings Hill Open Space; HOSPITAL; 40; CYAN; 18; 50
Sui; Wed Apr 02 16:09:25 BST 2014; 51.6446 N  0.2185 W; Whitings Hill Open Space; LOCAL; 29; RED; 33; 50
Sui; Wed Apr 02 16:13:19 BST 2014; 51.6452 N  0.2183 W; Whitings Hill Open Space; WAR; 30; MAGENTA; 30; 50
Sui; Wed Apr 02 16:13:19 BST 2014; 51.5179 N  0.1190 W; High Holborn; HOTEL; 122; GREEN; 3; 50
Sui; Wed Apr 02 16:13:19 BST 2014; 51.5179 N  0.1190 W; High Holborn; TRAMWAY; 39; RED; 18; 50
Sui; Thu Apr 03 08:51:50 BST 2014; 51.5182 N  0.1192 W; High Holborn; SQUARE; 87; MAGENTA; 5; 50
Sui; Thu Apr 03 08:51:50 BST 2014; 51.5182 N  0.1192 W; High Holborn; CHANCERY; 49; MAGENTA; 9; 50
Sui; Thu Apr 03 08:51:50 BST 2014; 51.5182 N  0.1192 W; High Holborn; HOLBORN; 150; BLACK; 1; 50
Sui; Thu Apr 03 08:54:17 BST 2014; 51.5186 N  0.1196 W; Red Lion Square; CENTRAL; 32; MAGENTA; 35; 50
Sui; Thu Apr 03 08:54:17 BST 2014; 51.5186 N  0.1196 W; Red Lion Square; LIES; 34; RED; 32; 50
Sui; Thu Apr 03 08:55:16 BST 2014; 51.5179 N  0.1191 W; High Holborn; HOLBORN; 150; GREEN; 1; 50
Sui; Thu Apr 03 08:55:16 BST 2014; 51.5179 N  0.1191 W; High Holborn; CITY; 43; MAGENTA; 16; 50
Sui; Thu Apr 03 08:55:16 BST 2014; 51.5179 N  0.1191 W; High Holborn; MUSIC; 37; CYAN; 21; 50
Sui; Thu Apr 03 08:55:16 BST 2014; 51.5179 N  0.1191 W; High Holborn; LIST; 48; MAGENTA; 11; 50
Sui; Thu Apr 03 08:55:16 BST 2014; 51.5179 N  0.1191 W; High Holborn; ENTERTAINMENT; 38; BLUE; 22; 50
Sui; Thu Apr 03 08:58:24 BST 2014; 51.5176 N  0.1189 W; Ship Tavern, London; MARBLE; 29; CYAN; 34; 50
Sui; Thu Apr 03 08:58:24 BST 2014; 51.5176 N  0.1189 W; Ship Tavern, London; VICTORIAN; 36; GREEN; 23; 50
Sui; Thu Apr 03 08:58:24 BST 2014; 51.5269 N  0.1055 W; City Law School; PAKISTAN; 61; GREEN; 8; 50
Sui; Thu Apr 03 08:58:24 BST 2014; 51.5269 N  0.1055 W; City Law School; SCHOOL; 96; RED; 4; 50
Sui; Thu Apr 03 09:31:42 BST 2014; 51.5271 N  0.1048 W; City Law School; BARRISTERS; 31; MAGENTA; 30; 50
Sui; Thu Apr 03 09:31:42 BST 2014; 51.5271 N  0.1048 W; City Law School; PRIME; 53; MAGENTA; 14; 50
Sui; Thu Apr 03 09:31:42 BST 2014; 51.5271 N  0.1048 W; City Law School; SECTION; 51; BLACK; 13; 50
Sui; Thu Apr 03 09:31:42 BST 2014; 51.5271 N  0.1048 W; City Law School; NEHRU; 30; MAGENTA; 40; 50
Sui; Thu Apr 03 09:31:42 BST 2014; 51.5271 N  0.1048 W; City Law School; EDUCATION; 26; MAGENTA; 45; 50
Susan; Thu Mar 27 14:19:21 GMT 2014; 51.5276 N  0.1042 W; City Law School; CITY; 102; GREEN; 1; 50
Susan; Thu Mar 27 14:19:21 GMT 2014; 51.5276 N  0.1042 W; City Law School; LAW; 78; RED; 3; 50
Susan; Thu Mar 27 14:19:21 GMT 2014; 51.5276 N  0.1042 W; City Law School; INNS; 36; BLUE; 9; 50
Susan; Thu Mar 27 14:56:22 GMT 2014; 51.5200 N  0.1016 W; St. John (restaurant); MIGRAINE; 44; RED; 9; 50
Susan; Thu Mar 27 14:56:22 GMT 2014; 51.5200 N  0.1016 W; St. John (restaurant); SMITHFIELD; 36; RED; 15; 50
Susan; Thu Mar 27 14:56:22 GMT 2014; 51.5200 N  0.1016 W; St. John (restaurant); MARKET; 54; BLUE; 5; 50
Susan; Thu Mar 27 14:56:22 GMT 2014; 51.5200 N  0.1016 W; St. John (restaurant); CITY; 39; GREEN; 11; 50
Susan; Thu Mar 27 14:56:22 GMT 2014; 51.5200 N  0.1016 W; St. John (restaurant); CHARTERHOUSE; 37; CYAN; 14; 50
Susan; Thu Mar 27 15:09:54 GMT 2014; 51.5094 N  0.1035 W; Blackfriars Railway Bridge; BLACKFRIARS; 77; RED; 2; 53
Susan; Thu Mar 27 15:09:54 GMT 2014; 51.5094 N  0.1035 W; Blackfriars Railway Bridge; JPG; 69; GREEN; 3; 53
Susan; Thu Mar 27 15:15:42 GMT 2014; 51.4935 N  0.0986 W; Strata SE1; ELEPHANT; 42; CYAN; 9; 50
Susan; Thu Mar 27 15:15:42 GMT 2014; 51.4935 N  0.0986 W; Strata SE1; CORONET; 67; RED; 3; 50
Susan; Thu Mar 27 15:15:42 GMT 2014; 51.4935 N  0.0986 W; Strata SE1; STATION; 72; GREEN; 2; 50
Susan; Thu Mar 27 15:15:42 GMT 2014; 51.4935 N  0.0986 W; Strata SE1; PASSPORT; 29; BLACK; 18; 50
Susan; Thu Mar 27 15:15:42 GMT 2014; 51.4935 N  0.0986 W; Strata SE1; PASSPORT; 60; BLACK; 2; 50
Susan; Thu Mar 27 15:49:10 GMT 2014; 51.3997 N  0.0454 E; Bickley railway station; BICKLEY; 50; BLACK; 5; 50
Susan; Thu Mar 27 16:35:08 GMT 2014; 51.4110 N  0.0514 E; Bullers Wood School; BICKLEY; 31; MAGENTA; 22; 50
Susan; Thu Mar 27 16:35:08 GMT 2014; 51.4110 N  0.0514 E; Bullers Wood School; WILLETT; 58; GREEN; 4; 50
Susan; Thu Mar 27 16:35:08 GMT 2014; 51.4110 N  0.0514 E; Bullers Wood School; FARAGE; 30; CYAN; 26; 50
Susan; Thu Mar 27 16:35:08 GMT 2014; 51.4110 N  0.0514 E; Bullers Wood School; WILLETT; 94; MAGENTA; 1; 50
Susan; Thu Mar 27 16:35:08 GMT 2014; 51.4110 N  0.0514 E; Bullers Wood School; SCHOOLS; 30; BLUE; 26; 50
Susan; Thu Mar 27 20:43:49 GMT 2014; 51.4115 N  0.0522 E; Bullers Wood School; ELMSTEAD; 73; BLACK; 2; 53
Susan; Thu Mar 27 20:43:49 GMT 2014; 51.4115 N  0.0522 E; Bullers Wood School; WILLETT; 56; GREEN; 4; 53
Susan; Thu Mar 27 22:33:52 GMT 2014; 51.4109 N  0.0512 E; Bullers Wood School; SOUTH; 50; RED; 7; 50
Susan; Thu Mar 27 22:33:52 GMT 2014; 51.4109 N  0.0512 E; Bullers Wood School; UKIP; 74; GREEN; 2; 50
Susan; Thu Mar 27 22:33:52 GMT 2014; 51.4109 N  0.0512 E; Bullers Wood School; FARAGE; 118; MAGENTA; 1; 50
Susan; Fri Mar 28 14:33:02 GMT 2014; 51.3987 N  0.0180 E; Bromley South railway station; OPENED; 30; BLUE; 19; 50
Susan; Fri Mar 28 14:36:07 GMT 2014; 51.3999 N  0.0193 E; Bromley South railway station; BROMLEY; 77; CYAN; 2; 50
Susan; Fri Mar 28 15:33:02 GMT 2014; 51.3987 N  0.0200 E; Bromley South railway station; MALL; 70; RED; 1; 50
Susan; Sat Mar 29 12:53:44 GMT 2014; 51.4111 N  0.0515 E; Bullers Wood School; ERECTED; 30; BLACK; 24; 50
Susan; Sat Mar 29 12:53:44 GMT 2014; 51.4111 N  0.0515 E; Bullers Wood School; CAMDEN; 33; GREEN; 16; 50
Susan; Sat Mar 29 12:53:44 GMT 2014; 51.4111 N  0.0515 E; Bullers Wood School; AGAINST; 46; MAGENTA; 3; 50
Susan; Sat Mar 29 12:53:44 GMT 2014; 51.4111 N  0.0515 E; Bullers Wood School; CHOROGRAPHICAL; 33; CYAN; 21; 50
Susan; Sat Mar 29 12:53:44 GMT 2014; 51.4111 N  0.0515 E; Bullers Wood School; TOPOGRAPHER; 33; RED; 21; 50
Susan; Sat Mar 29 17:13:08 GMT 2014; 51.4106 N  0.0521 E; Bullers Wood School; STATION; 78; CYAN; 1; 50
Susan; Sat Mar 29 17:14:06 GMT 2014; 51.4115 N  0.0516 E; Bullers Wood School; MAVELSTONE; 45; BLACK; 8; 50
Susan; Sat Mar 29 17:14:06 GMT 2014; 51.4115 N  0.0516 E; Bullers Wood School; UNADOPTED; 36; GREEN; 10; 50
Susan; Sat Mar 29 17:14:06 GMT 2014; 51.4115 N  0.0516 E; Bullers Wood School; ROAD; 76; GREEN; 2; 50
Susan; Sat Mar 29 17:14:06 GMT 2014; 51.4115 N  0.0516 E; Bullers Wood School; CLASS; 37; BLUE; 16; 50
Susan; Thu Apr 03 10:27:59 GMT+01:00 2014; 51.4115 N  0.0307 W; Beckenham Junction station; CHURCH; 110; RED; 1; 50
Susan; Thu Apr 03 10:27:59 GMT+01:00 2014; 51.4115 N  0.0307 W; Beckenham Junction station; PX; 43; RED; 12; 50
Susan; Thu Apr 03 10:27:59 GMT+01:00 2014; 51.4115 N  0.0307 W; Beckenham Junction station; PX; 118; BLUE; 1; 50
Susan; Thu Apr 03 10:27:59 GMT+01:00 2014; 51.4115 N  0.0307 W; Beckenham Junction station; NONE; 66; RED; 4; 50
Susan; Thu Apr 03 10:27:59 GMT+01:00 2014; 51.4115 N  0.0307 W; Beckenham Junction station; BORDER; 95; CYAN; 2; 50
Susan; Thu Apr 03 10:27:59 GMT+01:00 2014; 51.4115 N  0.0307 W; Beckenham Junction station; ROWSPAN; 39; GREEN; 12; 50
Susan; Thu Apr 03 10:42:01 GMT+01:00 2014; 51.4631 N  0.1147 W; Brixton tube station; BRIXTON; 52; RED; 4; 50
Susan; Thu Apr 03 10:42:01 GMT+01:00 2014; 51.4631 N  0.1147 W; Brixton tube station; BRIXTON; 52; CYAN; 4; 50
Susan; Thu Apr 03 10:42:01 GMT+01:00 2014; 51.4631 N  0.1147 W; Brixton tube station; ACADEMY; 68; MAGENTA; 3; 50
Susan; Thu Apr 03 10:42:01 GMT+01:00 2014; 51.4631 N  0.1147 W; Brixton tube station; GLAM; 26; MAGENTA; 33; 50
Susan; Thu Apr 03 10:42:01 GMT+01:00 2014; 51.4631 N  0.1147 W; Brixton tube station; NUMAN; 30; MAGENTA; 21; 50
Susan; Thu Apr 03 10:42:01 GMT+01:00 2014; 51.4631 N  0.1147 W; Brixton tube station; FIRST; 36; BLACK; 12; 50
Susan; Thu Apr 03 10:42:01 GMT+01:00 2014; 51.4631 N  0.1147 W; Brixton tube station; BRIXTON; 62; MAGENTA; 4; 50
Susan; Thu Apr 03 10:42:01 GMT+01:00 2014; 51.4631 N  0.1147 W; Brixton tube station; BRIXTON; 62; GREEN; 4; 50
Susan; Thu Apr 03 10:42:01 GMT+01:00 2014; 51.4631 N  0.1147 W; Brixton tube station; UP; 36; MAGENTA; 19; 50
Susan; Thu Apr 03 10:42:01 GMT+01:00 2014; 51.4631 N  0.1147 W; Brixton tube station; BRIXTON; 53; MAGENTA; 4; 50
Susan; Thu Apr 03 10:51:16 GMT+01:00 2014; 51.4962 N  0.1438 W; Victoria Palace Theatre; VICTORIA; 102; MAGENTA; 1; 50
Susan; Thu Apr 03 10:51:16 GMT+01:00 2014; 51.4962 N  0.1438 W; Victoria Palace Theatre; BEN; 81; BLUE; 2; 50
Susan; Thu Apr 03 10:51:16 GMT+01:00 2014; 51.4962 N  0.1438 W; Victoria Palace Theatre; BEN; 81; RED; 2; 50
Susan; Thu Apr 03 10:52:24 GMT+01:00 2014; 51.4963 N  0.1440 W; London Victoria station; VICTORIA; 102; BLUE; 1; 50
Susan; Thu Apr 03 10:52:24 GMT+01:00 2014; 51.4963 N  0.1440 W; London Victoria station; BEN; 74; MAGENTA; 2; 50
Susan; Thu Apr 03 11:04:57 GMT+01:00 2014; 51.5149 N  0.1417 W; Oxford Circus tube station; OXFORD; 93; BLUE; 2; 50
Susan; Thu Apr 03 11:04:57 GMT+01:00 2014; 51.5149 N  0.1417 W; Oxford Circus tube station; INTERSECTION; 25; BLACK; 40; 50
Susan; Thu Apr 03 11:45:31 GMT+01:00 2014; 51.5186 N  0.1518 W; L'Autre Pied; AUTRE; 66; BLACK; 3; 45
Susan; Thu Apr 03 11:46:50 GMT+01:00 2014; 51.5187 N  0.1517 W; L'Autre Pied; EAVES; 48; RED; 4; 50
Susan; Thu Apr 03 11:46:50 GMT+01:00 2014; 51.5187 N  0.1517 W; L'Autre Pied; PIED; 94; BLUE; 1; 50
Susan; Thu Apr 03 11:46:50 GMT+01:00 2014; 51.5187 N  0.1517 W; L'Autre Pied; MICHELIN; 51; MAGENTA; 4; 50
Susan; Thu Apr 03 13:06:52 GMT+01:00 2014; 51.5204 N  0.1551 W; Apple Boutique; APPLE; 54; RED; 3; 50
Susan; Thu Apr 03 13:06:52 GMT+01:00 2014; 51.5204 N  0.1551 W; Apple Boutique; STREET; 110; RED; 1; 50
Susan; Thu Apr 03 13:06:52 GMT+01:00 2014; 51.5204 N  0.1551 W; Apple Boutique; PADDINGTON; 24; MAGENTA; 44; 50
Susan; Thu Apr 03 13:06:52 GMT+01:00 2014; 51.5204 N  0.1551 W; Apple Boutique; STREET; 110; GREEN; 1; 50
Susan; Thu Apr 03 13:38:55 GMT+01:00 2014; 51.5303 N  0.1234 W; Kings Cross, London; BIRKENHEAD; 52; RED; 8; 50
Susan; Thu Apr 03 13:38:55 GMT+01:00 2014; 51.5303 N  0.1234 W; Kings Cross, London; MINUSCULE; 36; BLACK; 10; 50
Susan; Thu Apr 03 13:38:55 GMT+01:00 2014; 51.5303 N  0.1234 W; Kings Cross, London; BIRKENHEAD; 52; GREEN; 8; 50
Susan; Thu Apr 03 13:38:55 GMT+01:00 2014; 51.5303 N  0.1234 W; Kings Cross, London; BIRKENHEAD; 83; RED; 2; 50
Terry; Thu Mar 27 13:12:54 GMT 2014; 51.5268 N  0.1023 W; Northampton Square; CITY; 214; BLUE; 1; 50
Terry; Thu Mar 27 13:17:07 GMT 2014; 51.5273 N  0.1035 W; City University London; CITY; 222; BLUE; 1; 50
Terry; Thu Mar 27 13:17:07 GMT 2014; 51.5273 N  0.1035 W; City University London; BOROUGH; 40; GREEN; 15; 50
Terry; Thu Mar 27 13:17:07 GMT 2014; 51.5273 N  0.1035 W; City University London; COURSE; 64; BLUE; 8; 50
Terry; Thu Mar 27 13:17:07 GMT 2014; 51.5273 N  0.1035 W; City University London; UNIVERSITIES; 102; BLUE; 6; 50
Terry; Thu Mar 27 13:20:48 GMT 2014; 51.5269 N  0.1048 W; Islington Museum; SCHOOL; 168; BLACK; 5; 50
Terry; Thu Mar 27 13:22:29 GMT 2014; 51.5273 N  0.1049 W; City Law School; LONDON; 116; BLUE; 7; 50
Terry; Thu Mar 27 13:23:13 GMT 2014; 51.5269 N  0.1048 W; Islington Museum; LAW; 238; BLUE; 1; 50
Terry; Thu Mar 27 21:26:20 GMT 2014; 51.5607 N  0.1961 E; Abbs Cross Academy and Arts College; HOSPITAL; 150; BLUE; 4; 50
Terry; Thu Mar 27 21:27:42 GMT 2014; 51.5608 N  0.1957 E; Abbs Cross Academy and Arts College; STATION; 146; BLUE; 4; 50
Terry; Thu Mar 27 21:27:42 GMT 2014; 51.5608 N  0.1957 E; Abbs Cross Academy and Arts College; BARKING; 59; MAGENTA; 20; 50
Terry; Wed Apr 02 06:50:20 GMT+01:00 2014; 51.5418 N  0.0038 W; Stratford station; STRATFORD; 121; RED; 2; 43
Terry; Wed Apr 02 06:50:20 GMT+01:00 2014; 51.5418 N  0.0038 W; Stratford station; STATION; 130; BLUE; 4; 50
Terry; Wed Apr 02 06:50:20 GMT+01:00 2014; 51.5418 N  0.0038 W; Stratford station; BURLING; 85; GREEN; 14; 50
Terry; Wed Apr 02 12:07:59 GMT+01:00 2014; 51.5164 N  0.0800 W; Fisher's Folly; METRE; 69; CYAN; 11; 50
Terry; Wed Apr 02 13:18:26 GMT+01:00 2014; 51.5175 N  0.0875 W; London Guildhall University; MOORFIELDS; 174; BLUE; 1; 50
Terry; Wed Apr 02 13:40:02 GMT+01:00 2014; 51.5258 N  0.0998 W; Berry Street Studio; FREDDIE; 61; BLUE; 23; 78
Terry; Wed Apr 02 13:40:02 GMT+01:00 2014; 51.5258 N  0.0998 W; Berry Street Studio; INCLUDES; 61; BLUE; 23; 78
Terry; Wed Apr 02 13:40:02 GMT+01:00 2014; 51.5258 N  0.0998 W; Berry Street Studio; COLLECTION; 61; MAGENTA; 23; 78
Zoe; Fri Mar 28 13:03:39 GMT+00:00 2014; 51.5267 N  0.1030 W; City University London; MAYOR; 66; BLACK; 9; 50
Zoe; Fri Mar 28 13:03:39 GMT+00:00 2014; 51.5267 N  0.1030 W; City University London; ISLINGTON; 124; RED; 4; 50
Zoe; Sat Mar 29 19:48:59 GMT+00:00 2014; 51.4208 N  0.1696 W; Colliers Wood; ABBEY; 54; CYAN; 15; 50
Zoe; Sat Mar 29 19:48:59 GMT+00:00 2014; 51.4208 N  0.1696 W; Colliers Wood; SYSTEM; 54; RED; 12; 50
Zoe; Sat Mar 29 19:48:59 GMT+00:00 2014; 51.4208 N  0.1696 W; Colliers Wood; COLLEGE; 66; BLACK; 11; 50
Zoe; Sun Mar 30 03:33:55 BST 2014; 51.4176 N  0.1950 W; South Wimbledon; WORLD; 34; GREEN; 32; 51
Zoe; Sun Mar 30 04:35:02 BST 2014; 51.4182 N  0.1948 W; South Wimbledon; MERTON; 102; CYAN; 5; 50
Zoe; Mon Mar 31 16:11:10 BST 2014; 51.5071 N  0.0242 W; Museum of London Docklands; MUSEUM; 214; MAGENTA; 1; 50
Zoe; Mon Mar 31 16:12:24 BST 2014; 51.5071 N  0.0240 W; Museum of London Docklands; CANARY; 134; CYAN; 8; 50
Zoe; Mon Mar 31 16:12:24 BST 2014; 51.5071 N  0.0240 W; Museum of London Docklands; CABOT; 103; BLACK; 12; 50
Zoe; Thu Apr 03 06:04:05 BST 2014; 51.4208 N  0.1691 W; Colliers Wood; BUILDING; 49; GREEN; 17; 50
Zoe; Thu Apr 03 06:04:05 BST 2014; 51.4208 N  0.1691 W; Colliers Wood; WORLD; 46; MAGENTA; 22; 50
Zoe; Thu Apr 03 06:04:05 BST 2014; 51.4208 N  0.1691 W; Colliers Wood; GEORGE; 32; RED; 39; 50
Zoe; Thu Apr 03 06:04:05 BST 2014; 51.4208 N  0.1691 W; Colliers Wood; TRAUMA; 104; GREEN; 7; 50
Zoe; Thu Apr 03 06:04:05 BST 2014; 51.4208 N  0.1691 W; Colliers Wood; STATION; 199; CYAN; 3; 50
Zoe; Thu Apr 03 06:04:05 BST 2014; 51.4208 N  0.1691 W; Colliers Wood; FOOTBRIDGE; 24; BLUE; 46; 50
Zoe; Thu Apr 03 06:04:05 BST 2014; 51.4208 N  0.1691 W; Colliers Wood; INTENDED; 44; CYAN; 20; 50
Zoe; Thu Apr 03 06:04:05 BST 2014; 51.4208 N  0.1691 W; Colliers Wood; PRIORY; 56; MAGENTA; 18; 50
Zoe; Thu Apr 03 10:48:20 BST 2014; 51.5102 N  0.0281 W; Limehouse railway station (London and Blackwall); DOCKS; 84; RED; 6; 50
Zoe; Thu Apr 03 10:48:20 BST 2014; 51.5102 N  0.0281 W; Limehouse railway station (London and Blackwall); DOCKS; 84; CYAN; 6; 50
Zoe; Thu Apr 03 10:50:21 BST 2014; 51.5124 N  0.0422 W; Troxy; LIMEHOUSE; 192; MAGENTA; 2; 50
Zoe; Thu Apr 03 10:50:21 BST 2014; 51.5120 N  0.0531 W; Shadwell and St George's East railway station; CABLE; 69; BLACK; 11; 50
